bin,pred,emp,n
"(0.303, 0.335]",0.3168456477918114,0.0,9
"(0.335, 0.387]",0.3681954327612557,0.0,8
"(0.387, 0.416]",0.4091437178676327,0.2,10
"(0.416, 0.443]",0.4397527237636696,0.5,6
"(0.443, 0.475]",0.45672093552808835,0.75,8
"(0.475, 0.51]",0.4982573502648443,0.375,8
"(0.51, 0.537]",0.52679547525946,0.375,8
"(0.537, 0.546]",0.5432799546048516,0.125,8
"(0.546, 0.569]",0.5582842176753007,0.25,8
"(0.569, 0.621]",0.5954565405697774,0.875,8
