fold,n_train,n_val,val_logloss_any,val_brier_any,val_mean_epv,best_iter
1,80,81,0.8210791893202661,0.30071180555555516,0.47500000000000064,1
2,161,81,0.7139712026832316,0.25944330867987825,0.8160780139198455,1
3,242,81,0.6593689172455138,0.23337388250882896,0.9803507573788527,6
4,323,81,0.6271163465988914,0.21810090426881543,1.1048891403120409,17
