feature,gain
PERIOD,23.607820510864258
CLOCK_SEC,409.2814216017723
CLOCK_BIN,0.0
EVENT_IDX,0.0
MARGIN_PRE,147.882155418396
MARGIN_POST,266.3650107383728
HOME_BONUS,0.0
AWAY_BONUS,62.843860268592834
OFF_BONUS,0.0
RCNT3_MAKE,0.0
RCNT3_MISS,0.0
RCNT3_TO,0.0
EVTYPE,36.144619941711426
BIGRAM,14.832563787698746
TRIGRAM,11.437051951885223
OFF_SIDE,2.30499005317688
MARGIN_BIN,0.11958499997854233
